UnitID,Institution Name,Level of institution (HD2020)
177834,A T Still University of Health Sciences,1
180203,Aaniiih Nakoda College,1
222178,Abilene Christian University,1
138558,Abraham Baldwin Agricultural College,1
451079,Academy for Five Element Acupuncture,1
457271,Academy for Jewish Religion-California,1
108269,Academy of Chinese Culture and Health Sciences,1
210508,Academy of Vocal Arts,1
384306,Acupuncture and Integrative Medicine College-Berkeley,1
126182,Adams State University,1
188429,Adelphi University,1
374024,Adler Graduate School,1
142832,Adler University,1
168528,Adrian College,1
133872,AdventHealth University,1
138600,Agnes Scott College,1
200697,Air Force Institute of Technology-Graduate School of Engineering & Management,1
100654,Alabama A & M University,1
483975,Alabama College of Osteopathic Medicine,1
100724,Alabama State University,1
102580,Alaska Bible College,1
102669,Alaska Pacific University,1
188526,Albany College of Pharmacy and Health Sciences,1
188535,Albany Law School,1
188580,Albany Medical College,1
138716,Albany State University,1
385415,Albert Einstein College of Medicine,1
128498,Albertus Magnus College,1
168546,Albion College,1
132842,Albizu University-Miami,1
241331,Albizu University-San Juan,1
210571,Albright College,1
175342,Alcorn State University,1
495192,Alder Graduate School of Education,1
237118,Alderson Broaddus University,1
188641,Alfred University,1
156189,Alice Lloyd College,1
210669,Allegheny College,1
200873,Allegheny Wesleyan College,1
152798,Allen College,1
217624,Allen University,1
168591,Alma College,1
168607,Alpena Community College,1
210775,Alvernia University,1
238193,Alverno College,1
222628,Amberton University,1
490081,America Evangelical University,1
142887,American Academy of Art,1
219505,American Baptist College,1
210809,American College of Financial Services,1
485698,American College of the Building Arts,1
109086,American Conservatory Theater,1
108870,American Film Institute Conservatory,1
164447,American International College,1
142957,American Islamic College,1
116846,American Jewish University,1
188854,American Musical and Dramatic Academy,1
240736,American Samoa Community College,1
131159,American University,1
241128,American University of Puerto Rico,1
241100,American University of Puerto Rico,1
164465,Amherst College,1
100690,Amridge University,1
151865,Anabaptist Mennonite Biblical Seminary,1
217633,Anderson University,1
150066,Anderson University,1
138761,Andrew College,1
168740,Andrews University,1
222831,Angelo State University,1
164492,Anna Maria College,1
109350,Antelope Valley College,1
483018,Antioch College,1
458113,Antioch College AG,1
485908,Antioch University Online,1
245838,Antioch University-Los Angeles,1
245892,Antioch University-Midwest,1
245865,Antioch University-New England,1
442392,Antioch University-PhD Program in Leadership and Change,1
245847,Antioch University-Santa Barbara,1
245883,Antioch University-Seattle,1
237136,Appalachian Bible College,1
449922,Appalachian College of Pharmacy,1
432348,Appalachian School of Law,1
197869,Appalachian State University,1
168786,Aquinas College,1
176600,Aquinas Institute of Theology,1
126289,Arapahoe Community College,1
211088,Arcadia University,1
105899,Arizona Christian University,1
104151,Arizona State University Campus Immersion,1
483124,Arizona State University Digital Immersion,1
448886,Arizona State University-Downtown Phoenix,1
420574,Arizona State University-Polytechnic,1
407009,Arizona State University-West,1
106306,Arkansas Baptist College,1
488527,Arkansas Colleges of Health Education,1
106458,Arkansas State University,1
106467,Arkansas Tech University,1
222877,Arlington Baptist University,1
201061,Art Academy of Cincinnati,1
109651,Art Center College of Design,1
156222,Asbury Theological Seminary,1
156213,Asbury University,1
201104,Ashland University,1
188942,Associated Beth Rivkah Schools,1
164562,Assumption University,1
440651,Atenas College,1
201140,Athenaeum of Ohio,1
100812,Athens State University,1
138901,Atlanta Metropolitan State College,1
439446,Atlantic Institute of Oriental Medicine,1
241216,Atlantic University College,1
100858,Auburn University,1
100830,Auburn University at Montgomery,1
173045,Augsburg University,1
482149,Augusta University,1
143084,Augustana College,1
219000,Augustana University,1
201177,Aultman College of Nursing and Health Sciences,1
143118,Aurora University,1
222983,Austin College,1
222992,Austin Community College District,1
247825,Austin Graduate School of Theology,1
219602,Austin Peay State University,1
223001,Austin Presbyterian Theological Seminary,1
442295,Ave Maria School of Law,1
446048,Ave Maria University,1
231420,Averett University,1
449931,Averett University-Non-Traditional Programs,1
176628,Avila University,1
109785,Azusa Pacific University,1
164580,Babson College,1
206817,Bacone College,1
128586,Bais Binyomin Academy,1
476601,Bais HaMedrash and Mesivta of Baltimore,1
245777,Bais Medrash Elyon,1
490513,Bais Medrash Mayan Hatorah,1
495031,Bais Medrash of Dexter Park,1
449658,Bais Medrash Toras Chesed,1
168847,Baker College,1
154688,Baker University,1
109819,Bakersfield College,1
420705,Bakke Graduate University,1
201195,Baldwin Wallace University,1
150136,Ball State University,1
189015,Bank Street College of Education,1
176664,Baptist Bible College,1
219639,Baptist Health Sciences University,1
223117,Baptist Missionary Association Theological Seminary,1
444398,Baptist University of the Americas,1
155070,Barclay College,1
189088,Bard College,1
167792,Bard College at Simon's Rock,1
189097,Barnard College,1
177719,Barnes-Jewish College Goldfarb School of Nursing,1
132471,Barry University,1
197911,Barton College,1
235547,Bastyr University,1
160977,Bates College,1
380359,Bay Mills Community College,1
164632,Bay Path University,1
223223,Baylor College of Medicine,1
223232,Baylor University,1
476717,Be'er Yaakov Talmudic Seminary,1
384254,Beacon College,1
164720,Becker College,1
444413,Beis Medrash Heichal Dovid,1
175421,Belhaven University,1
156286,Bellarmine University,1
234669,Bellevue College,1
180814,Bellevue University,1
238324,Bellin College,1
234696,Bellingham Technical College,1
197984,Belmont Abbey College,1
219709,Belmont University,1
238333,Beloit College,1
173124,Bemidji State University,1
217721,Benedict College,1
154712,Benedictine College,1
145619,Benedictine University,1
165884,Benjamin Franklin Institute of Technology,1
197993,Bennett College,1
230816,Bennington College,1
164739,Bentley University,1
156295,Berea College,1
461643,Bergin University of Canine Studies,1
108861,Berkeley School of Theology,1
164748,Berklee College of Music,1
139144,Berry College,1
485999,Bet Medrash Gadol Ateret Torah,1
189273,Beth Hamedrash Shaarei Yosher Institute,1
183804,Beth Medrash Govoha,1
486196,Beth Medrash Meor Yitzchok,1
488314,Beth Medrash of Asbury Park,1
154721,Bethany College,1
237181,Bethany College,1
486284,Bethany Global University,1
173142,Bethany Lutheran College,1
143233,Bethany Theological Seminary,1
154749,Bethel College-North Newton,1
262022,Bethel Seminary-San Diego,1
173160,Bethel University,1
219718,Bethel University,1
150145,Bethel University,1
110060,Bethesda University,1
486053,Bethlehem College & Seminary,1
132602,Bethune-Cookman University,1
139153,Beulah Heights University,1
443702,Bexley Hall Seabury Western Theological Seminary Federation  Inc.,1
196079,Binghamton University,1
110097,Biola University,1
100937,Birmingham-Southern College,1
442949,Birthingway College of Midwifery,1
200022,Bismarck State College,1
219046,Black Hills State University,1
143288,Blackburn College,1
143297,Blessing Rieman College of Nursing and Health Sciences,1
183822,Bloomfield College,1
211158,Bloomsburg University of Pennsylvania,1
175430,Blue Mountain College,1
231554,Bluefield College,1
237215,Bluefield State College,1
201371,Bluffton University,1
217749,Bob Jones University,1
142090,Boise Bible College,1
142115,Boise State University,1
233356,Bon Secours Memorial College of Nursing,1
189413,Boricua College,1
164872,Boston Architectural College,1
164614,Boston Baptist College,1
164924,Boston College,1
164915,Boston Graduate School of Psychoanalysis Inc,1
164988,Boston University,1
161004,Bowdoin College,1
162007,Bowie State University,1
201432,Bowling Green State University-Firelands,1
201441,Bowling Green State University-Main Campus,1
143358,Bradley University,1
165015,Brandeis University,1
262086,Brandman University,1
223506,Brazosport College,1
139199,Brenau University,1
156356,Brescia University,1
198066,Brevard College,1
139205,Brewton-Parker College,1
152992,Briar Cliff University,1
231581,Bridgewater College,1
165024,Bridgewater State University,1
230047,Brigham Young University-Hawaii,1
142522,Brigham Young University-Idaho,1
230038,Brigham Young University-Provo,1
450304,Brite Divinity School,1
189501,Brooklyn Law School,1
132709,Broward College,1
217156,Brown University,1
180878,Bryan College of Health Sciences,1
219790,Bryan College-Dayton,1
217165,Bryant University,1
210492,Bryn Athyn College of the New Church,1
211273,Bryn Mawr College,1
211291,Bucknell University,1
153001,Buena Vista University,1
209409,Bushnell University,1
150163,Butler University,1
444103,Byzantine Catholic Seminary of Saints Cyril and Methodius,1
198109,Cabarrus College of Health Sciences,1
211352,Cabrini University,1
215114,Cairn University-Langhorne,1
183910,Caldwell University,1
494940,California Arts University,1
110361,California Baptist University,1
110918,California Christian College,1
110370,California College of the Arts,1
485263,California College San Diego,1
478634,California College San Diego,1
474890,California College San Diego-CollegeAmerica-Phoenix,1
487649,California Institute of Advanced Management,1
110316,California Institute of Integral Studies,1
110404,California Institute of Technology,1
111081,California Institute of the Arts,1
483586,California International Business University,1
486488,California Jazz Conservatory,1
110413,California Lutheran University,1
110422,California Polytechnic State University-San Luis Obispo,1
110529,California State Polytechnic University-Pomona,1
111188,California State University Maritime Academy,1
110486,California State University-Bakersfield,1
441937,California State University-Channel Islands,1
110538,California State University-Chico,1
110547,California State University-Dominguez Hills,1
110574,California State University-East Bay,1
110556,California State University-Fresno,1
110565,California State University-Fullerton,1
110583,California State University-Long Beach,1
110592,California State University-Los Angeles,1
409698,California State University-Monterey Bay,1
110608,California State University-Northridge,1
110617,California State University-Sacramento,1
110510,California State University-San Bernardino,1
366711,California State University-San Marcos,1
110495,California State University-Stanislaus,1
211361,California University of Pennsylvania,1
496043,California University of Science and Medicine,1
111391,California Western School of Law,1
150172,Calumet College of Saint Joseph,1
176789,Calvary University,1
169099,Calvin Theological Seminary,1
169080,Calvin University,1
165167,Cambridge College,1
206914,Cameron University,1
198136,Campbell University,1
156365,Campbellsville University,1
189705,Canisius College,1
201548,Capital University,1
162061,Capitol Technology University,1
238430,Cardinal Stritch University,1
241377,Caribbean University-Bayamon,1
241386,Caribbean University-Carolina,1
363907,Caribbean University-Ponce,1
363916,Caribbean University-Vega Baja,1
173258,Carleton College,1
211431,Carlow University,1
211440,Carnegie Mellon University,1
199971,Carolina Christian College,1
461032,Carolina College of Biblical Studies,1
489937,Carolina University,1
433174,Carolinas College of Health Sciences,1
180106,Carroll College,1
238458,Carroll University,1
219806,Carson-Newman University,1
238476,Carthage College,1
111638,Casa Loma College-Van Nuys,1
439190,Cascadia College,1
201645,Case Western Reserve University,1
230834,Castleton University,1
198215,Catawba College,1
475398,Catholic Distance University,1
143659,Catholic Theological Union at Chicago,1
189848,Cazenovia College,1
439367,CBD College,1
211468,Cedar Crest College,1
201654,Cedarville University,1
158477,Centenary College of Louisiana,1
183974,Centenary University,1
241793,Center for Advanced Studies On Puerto Rico and the Caribbean,1
232618,Centra College,1
106713,Central Baptist College,1
154855,Central Christian College of Kansas,1
176910,Central Christian College of the Bible,1
153108,Central College,1
128771,Central Connecticut State University,1
445267,Central Methodist University-College of Graduate and Extended Studies,1
176947,Central Methodist University-College of Liberal Arts and Sciences,1
169248,Central Michigan University,1
201690,Central State University,1
234827,Central Washington University,1
240514,Central Wyoming College,1
488004,Central Yeshiva Beth Joseph,1
189857,Central Yeshiva Tomchei Tmimim Lubavitz,1
234845,Centralia College,1
156408,Centre College,1
180948,Chadron State College,1
141486,Chaminade University of Honolulu,1
492069,Champion Christian College,1
230852,Champlain College,1
111948,Chapman University,1
111966,Charles R Drew University of Medicine and Science,1
217688,Charleston Southern University,1
444778,Charlotte Christian College and Theological Seminary,1
128780,Charter Oak State College,1
211556,Chatham University,1
211583,Chestnut Hill College,1
211608,Cheyney University of Pennsylvania,1
181145,CHI Health School of Radiologic Technology,1
437732,Chicago School of Professional Psychology - College of Nursing,1
492607,Chicago School of Professional Psychology at Dallas,1
144005,Chicago State University,1
144014,Chicago Theological Seminary,1
133021,Chipola College,1
198303,Chowan University,1
494630,Christ Mission College,1
189981,Christ the King Seminary,1
219833,Christian Brothers University,1
150215,Christian Theological Seminary,1
231712,Christopher Newport University,1
112127,Church Divinity School of the Pacific,1
201867,Cincinnati College of Mortuary Science,1
201928,Cincinnati State Technical and Community College,1
217864,Citadel Military College of South Carolina,1
244233,City College-Fort Lauderdale,1
406547,City College-Gainesville,1
434539,City College-Miami,1
234915,City University of Seattle,1
457697,City Vision University,1
217873,Claflin University,1
112251,Claremont Graduate University,1
488387,Claremont Lincoln University,1
112260,Claremont McKenna College,1
124283,Claremont School of Theology,1
211644,Clarion University of Pennsylvania,1
138947,Clark Atlanta University,1
234933,Clark College,1
201973,Clark State Community College,1
165334,Clark University,1
153126,Clarke University,1
211024,Clarks Summit University,1
180832,Clarkson College,1
190044,Clarkson University,1
139311,Clayton  State University,1
156417,Clear Creek Baptist Bible College,1
169327,Cleary University,1
217882,Clemson University,1
202046,Cleveland Institute of Art,1
202073,Cleveland Institute of Music,1
202134,Cleveland State University,1
177038,Cleveland University-Kansas City,1
217891,Clinton College,1
234951,Clover Park Technical College,1
218724,Coastal Carolina University,1
153144,Coe College,1
217907,Coker University,1
161086,Colby College,1
182634,Colby-Sawyer College,1
241720,Colegio Universitario de San Juan,1
190080,Colgate Rochester Crozer Divinity School,1
190099,Colgate University,1
169442,College for Creative Studies,1
388520,College of Biblical Studies-Houston,1
132851,College of Central Florida,1
217819,College of Charleston,1
139250,College of Coastal Georgia,1
413617,College of Menominee Nation,1
243638,College of Micronesia-FSM,1
193399,College of Mount Saint Vincent,1
167394,College of Our Lady of the Elms,1
174747,College of Saint Benedict,1
181604,College of Saint Mary,1
142559,College of Southern Idaho,1
182005,College of Southern Nevada,1
190558,College of Staten Island CUNY,1
160959,College of the Atlantic,1
166124,College of the Holy Cross,1
376695,College of the Marshall Islands,1
178697,College of the Ozarks,1
493822,College Unbound,1
448752,CollegeAmerica-Colorado Springs,1
448761,CollegeAmerica-Fort Collins,1
247834,Collin County Community College District,1
126669,Colorado Christian University,1
126678,Colorado College,1
127556,Colorado Mesa University,1
126711,Colorado Mountain College,1
126775,Colorado School of Mines,1
128106,Colorado State University Pueblo,1
126818,Colorado State University-Fort Collins,1
476975,Colorado State University-Global Campus,1
234979,Columbia Basin College,1
217934,Columbia College,1
177065,Columbia College,1
144281,Columbia College Chicago,1
112570,Columbia College Hollywood,1
238573,Columbia College of Nursing,1
217925,Columbia International University,1
139348,Columbia Theological Seminary,1
190150,Columbia University in the City of New York,1
202170,Columbus College of Art and Design,1
139366,Columbus State University,1
126942,Community College of Denver,1
459417,Compass College of Cinematic Arts,1
177083,Conception Seminary College,1
237330,Concord University,1
190248,Concordia College,1
173300,Concordia College at Moorhead,1
177092,Concordia Seminary,1
150288,Concordia Theological Seminary,1
224004,Concordia University Texas,1
169363,Concordia University-Ann Arbor,1
144351,Concordia University-Chicago,1
112075,Concordia University-Irvine,1
180984,Concordia University-Nebraska,1
208488,Concordia University-Portland,1
173328,Concordia University-Saint Paul,1
238616,Concordia University-Wisconsin,1
493600,Congregation Talmidei Mesivta Tiferes Shmiel Aleksander,1
128902,Connecticut College,1
241766,Conservatory of Music of Puerto Rico,1
217961,Converse College,1
165495,Conway School of Landscape Design,1
190372,Cooper Union for the Advancement of Science and Art,1
162283,Coppin State University,1
210331,Corban University,1
153162,Cornell College,1
190415,Cornell University,1
170037,Cornerstone University,1
235024,Cornish College of the Arts,1
177117,Cottey College,1
139393,Covenant College,1
177126,Covenant Theological Seminary,1
176770,Cox College,1
169424,Cranbrook Academy of Art,1
181002,Creighton University,1
475608,Criswell College,1
106810,Crowley's Ridge College,1
174862,Crown College,1
190503,Culinary Institute of America,1
177144,Culver-Stockton College,1
219949,Cumberland University,1
190512,CUNY Bernard M Baruch College,1
190549,CUNY Brooklyn College,1
190567,CUNY City College,1
190576,CUNY Graduate School and University Center,1
190594,CUNY Hunter College,1
190600,CUNY John Jay College of Criminal Justice,1
190637,CUNY Lehman College,1
190646,CUNY Medgar Evers College,1
190655,CUNY New York City College of Technology,1
190664,CUNY Queens College,1
190682,CUNY School of Law,1
190691,CUNY York College,1
165529,Curry College,1
211893,Curtis Institute of Music,1
113236,Cypress College,1
496070,Cyrus The Great International Online University,1
190716,D'Youville College,1
190725,Daemen College,1
219082,Dakota State University,1
219091,Dakota Wesleyan University,1
224226,Dallas Baptist University,1
224244,Dallas Christian College,1
224615,Dallas College,1
224305,Dallas Theological Seminary,1
139463,Dalton State College,1
492102,Daniel Morgan Graduate School of National Security,1
182670,Dartmouth College,1
169479,Davenport University,1
198385,Davidson College,1
237358,Davis & Elkins College,1
194569,Davis College,1
133386,Daytona State College,1
165574,Dean College,1
202514,Defiance College,1
130934,Delaware State University,1
130907,Delaware Technical Community College-Terry,1
211981,Delaware Valley University,1
113537,Dell'Arte International School of Physical Theatre,1
175616,Delta State University,1
202523,Denison University,1
126979,Denver Seminary,1
144740,DePaul University,1
150400,DePauw University,1
154156,Des Moines University-Osteopathic Medical Center,1
210739,DeSales University,1
434900,Dewey University-Carolina,1
443562,Dewey University-Hato Rey,1
449135,Dewey University-Juana DÃ­az,1
469416,Dewey University-Manati,1
212009,Dickinson College,1
200059,Dickinson State University,1
158802,Dillard University,1
105297,Dine College,1
445869,Divine Mercy University,1
153241,Divine Word College,1
230171,Dixie State University,1
181020,Doane University,1
190761,Dominican College of Blauvelt,1
113704,Dominican School of Philosophy & Theology,1
148496,Dominican University,1
113698,Dominican University of California,1
122117,Dongguk University Los Angeles,1
155007,Donnelly College,1
153250,Dordt University,1
449481,Dragon Rises College of Oriental Medicine,1
153269,Drake University,1
184348,Drew University,1
212054,Drexel University,1
177214,Drury University,1
492801,Drury University-College of Continuing Professional Studies,1
198419,Duke University,1
175227,Dunwoody College of Technology,1
212106,Duquesne University,1
150455,Earlham College,1
198464,East Carolina University,1
207041,East Central University,1
139621,East Georgia State College,1
212115,East Stroudsburg University of Pennsylvania,1
220075,East Tennessee State University,1
224527,East Texas Baptist University,1
144883,East-West University,1
129215,Eastern Connecticut State University,1
132693,Eastern Florida State College,1
144892,Eastern Illinois University,1
156620,Eastern Kentucky University,1
232043,Eastern Mennonite University,1
169798,Eastern Michigan University,1
165644,Eastern Nazarene College,1
187648,Eastern New Mexico University-Main Campus,1
208646,Eastern Oregon University,1
212133,Eastern University,1
231970,Eastern Virginia Medical School,1
235097,Eastern Washington University,1
446233,Ecclesia College,1
133492,Eckerd College,1
247162,Ecumenical Theological Seminary,1
177278,Eden Theological Seminary,1
238661,Edgewood College,1
212160,Edinboro University of Pennsylvania,1
235103,Edmonds College,1
243832,EDP University of Puerto Rico Inc-San Juan,1
241836,EDP University of Puerto Rico Inc-San Sebastian,1
494278,EDP University of Puerto Rico-Humacao,1
494287,EDP University of Puerto Rico-Manati,1
492476,EDP University of Puerto Rico-Villalba,1
442806,Edward Via College of Osteopathic Medicine,1
133526,Edward Waters College,1
198507,Elizabeth City State University,1
212197,Elizabethtown College,1
486080,Elmezzi Graduate School of Molecular Medicine,1
144962,Elmhurst University,1
190983,Elmira College,1
198516,Elon University,1
133553,Embry-Riddle Aeronautical University-Daytona Beach,1
104586,Embry-Riddle Aeronautical University-Prescott,1
426314,Embry-Riddle Aeronautical University-Worldwide,1
165662,Emerson College,1
165671,Emmanuel College,1
139630,Emmanuel College,1
153302,Emmaus Bible College,1
232025,Emory & Henry College,1
139658,Emory University,1
155025,Emporia State University,1
165699,Endicott College,1
124487,Epic Bible College,1
224712,Episcopal Theological Seminary of the Southwest,1
409254,Erikson Institute,1
217998,Erskine College,1
241951,Escuela de Artes Plasticas y Diseno de Puerto Rico,1
144971,Eureka College,1
177339,Evangel University,1
212443,Evangelical Theological Seminary,1
385619,Everglades University,1
196680,Excelsior College,1
460376,Fairfax University of America,1
129242,Fairfield University,1
184694,Fairleigh Dickinson University-Florham Campus,1
184603,Fairleigh Dickinson University-Metropolitan Campus,1
237367,Fairmont State University,1
153320,Faith Baptist Bible College and Theological Seminary,1
443049,Faith International University,1
212452,Faith Theological Seminary,1
494597,Faith Theological Seminary and Christian College,1
443058,Family of Faith Christian University,1
196042,Farmingdale State College,1
191126,Fashion Institute of Technology,1
101189,Faulkner University,1
198543,Fayetteville State University,1
114433,Feather River Community College District,1
184612,Felician University,1
169910,Ferris State University,1
232089,Ferrum College,1
114549,Fielding Graduate University,1
172440,Finlandia University,1
165802,Fisher College,1
220181,Fisk University,1
165820,Fitchburg State University,1
133711,Flagler College,1
133650,Florida Agricultural and Mechanical University,1
133669,Florida Atlantic University,1
133809,Florida College,1
135160,Florida Gateway College,1
433660,Florida Gulf Coast University,1
133881,Florida Institute of Technology,1
480569,Florida Institute of Technology-Online,1
133951,Florida International University,1
133979,Florida Memorial University,1
482936,Florida Polytechnic University,1
134079,Florida Southern College,1
133508,Florida SouthWestern State College,1
133702,Florida State College at Jacksonville,1
134097,Florida State University,1
177418,Fontbonne University,1
114716,Foothill College,1
191241,Fordham University,1
155061,Fort Hays State University,1
127185,Fort Lewis College,1
139719,Fort Valley State University,1
165866,Framingham State University,1
218061,Francis Marion University,1
160074,Franciscan Missionaries of Our Lady University,1
114734,Franciscan School of Theology,1
205957,Franciscan University of Steubenville,1
212577,Franklin and Marshall College,1
150604,Franklin College,1
182795,Franklin Pierce University,1
202806,Franklin University,1
441982,Franklin W Olin College of Engineering,1
220215,Freed-Hardeman University,1
114813,Fresno Pacific University,1
155089,Friends University,1
127200,Front Range Community College,1
156727,Frontier Nursing University,1
162584,Frostburg State University,1
114840,Fuller Theological Seminary,1
218070,Furman University,1
481030,Future Generations University,1
131450,Gallaudet University,1
224961,Galveston College,1
212601,Gannon University,1
198561,Gardner-Webb University,1
145275,Garrett-Evangelical Theological Seminary,1
456542,Geisinger Commonwealth School of Medicine,1
212656,Geneva College,1
208822,George Fox University,1
232186,George Mason University,1
131469,George Washington University,1
156745,Georgetown College,1
131496,Georgetown University,1
139861,Georgia College & State University,1
447689,Georgia Gwinnett College,1
139700,Georgia Highlands College,1
139755,Georgia Institute of Technology-Main Campus,1
485111,Georgia Military College,1
139931,Georgia Southern University,1
139764,Georgia Southwestern State University,1
139940,Georgia State University,1
184773,Georgian Court University,1
212674,Gettysburg College,1
494551,Glasgow Caledonian New York College,1
237385,Glenville State College,1
230889,Goddard College,1
202903,Gods Bible School and College,1
115083,Golden Gate University-San Francisco,1
130989,Goldey-Beacom College,1
235316,Gonzaga University,1
202912,Good Samaritan College of Nursing and Health Science,1
129154,Goodwin University,1
165936,Gordon College,1
139968,Gordon State College,1
165945,Gordon-Conwell Theological Seminary,1
150668,Goshen College,1
162654,Goucher College,1
145336,Governors State University,1
170000,Grace Christian University,1
150677,Grace College and Theological Seminary,1
461528,Grace College of Divinity,1
481058,Grace Mission University,1
481401,Grace School of Theology,1
153366,Graceland University-Lamoni,1
115214,Graduate Theological Union,1
159009,Grambling State University,1
170082,Grand Valley State University,1
153375,Grand View University,1
183257,Granite State College,1
212771,Gratz College,1
235334,Grays Harbor College,1
225070,Grayson College,1
182306,Great Basin College,1
170091,Great Lakes Christian College,1
235343,Green River College,1
198598,Greensboro College,1
218113,Greenville Technical College,1
145372,Greenville University,1
153384,Grinnell College,1
212805,Grove City College,1
240745,Guam Community College,1
494560,Guidance College,1
198613,Guilford College,1
134343,Gulf Coast State College,1
173647,Gustavus Adolphus College,1
212832,Gwynedd Mercy University,1
495314,Hackensack Meridian School of Medicine,1
225201,Hallmark University,1
191515,Hamilton College,1
173665,Hamline University,1
232256,Hampden-Sydney College,1
166018,Hampshire College,1
232265,Hampton University,1
177542,Hannibal-LaGrange University,1
150756,Hanover College,1
225247,Hardin-Simmons University,1
107044,Harding University,1
177551,Harris-Stowe State University,1
446640,Harrisburg University of Science and Technology,1
129491,Hartford Seminary,1
191533,Hartwick College,1
166027,Harvard University,1
115409,Harvey Mudd College,1
155140,Haskell Indian Nations University,1
181127,Hastings College,1
111045,Haven University,1
212911,Haverford College,1
141644,Hawaii Pacific University,1
173683,Hazelden Betty Ford Graduate School of Addiction Studies,1
166045,Hebrew College,1
145497,Hebrew Theological College,1
203067,Hebrew Union College-Jewish Institute of Religion,1
203085,Heidelberg University,1
191597,Helene Fuld College of Nursing,1
166054,Hellenic College-Holy Cross Greek Orthodox School of Theology,1
107071,Henderson State University,1
107080,Hendrix College,1
170240,Henry Ford College,1
198677,Heritage Bible College,1
101453,Heritage Christian University,1
235422,Heritage University,1
200785,Herzing University-Akron,1
140340,Herzing University-Atlanta,1
101365,Herzing University-Birmingham,1
459851,Herzing University-Brookfield,1
459842,Herzing University-Kenosha,1
240392,Herzing University-Madison,1
174154,Herzing University-Minneapolis,1
433536,Herzing University-New Orleans,1
386472,Herzing University-Orlando,1
155177,Hesston College,1
198695,High Point University,1
485403,High Tech High Graduate School of Education,1
235431,Highline College,1
191621,Hilbert College,1
170286,Hillsdale College,1
203128,Hiram College,1
191630,Hobart William Smith Colleges,1
134510,Hobe Sound Bible College,1
367884,Hodges University,1
191649,Hofstra University,1
232308,Hollins University,1
129534,Holy Apostles College and Seminary,1
150774,Holy Cross College,1
239743,Holy Family College,1
212984,Holy Family University,1
115728,Holy Names University,1
457086,Homestead Schools,1
162760,Hood College,1
443076,Hood Theological Seminary,1
170301,Hope College,1
120537,Hope International University,1
457226,Horizon University,1
191676,Houghton College,1
225399,Houston Baptist University,1
246345,Houston Graduate School of Theology,1
225548,Howard Payne University,1
131520,Howard University,1
164368,Hult International Business School,1
242121,Humacao Community College,1
115755,Humboldt State University,1
115773,Humphreys University-Stockton and Modesto Campuses,1
101435,Huntingdon College,1
150941,Huntington University,1
449348,Huntsville Bible College,1
487524,Husson University,1
225575,Huston-Tillotson University,1
193405,Icahn School of Medicine at Mount Sinai,1
142276,Idaho State University,1
127273,Iliff School of Theology,1
434584,Ilisagvik College,1
145691,Illinois College,1
145628,Illinois College of Optometry,1
145725,Illinois Institute of Technology,1
145813,Illinois State University,1
145646,Illinois Wesleyan University,1
213011,Immaculata University,1
465812,Independence University,1
495280,Indian Bible College,1
134608,Indian River State College,1
151290,Indiana Institute of Technology,1
492962,Indiana Institute of Technology-College of Professional Studies,1
151324,Indiana State University,1
213020,Indiana University of Pennsylvania-Main Campus,1
151351,Indiana University-Bloomington,1
151388,Indiana University-East,1
151333,Indiana University-Kokomo,1
151360,Indiana University-Northwest,1
151111,Indiana University-Purdue University-Indianapolis,1
151342,Indiana University-South Bend,1
151379,Indiana University-Southeast,1
151801,Indiana Wesleyan University-Marion,1
488679,Indiana Wesleyan University-National & Global,1
145886,Institute for Clinical Social Work,1
462044,Institute for Doctoral Studies in the Visual Arts,1
187745,Institute of American Indian and Alaska Native Culture and Arts Development,1
489335,Institute of Buddhist Studies,1
493363,Institute of Lutheran Theology,1
454838,Institute of Taoist Education and Acupuncture,1
455804,Institute of World Politics,1
242626,Inter American University of Puerto Rico-Aguadilla,1
242635,Inter American University of Puerto Rico-Arecibo,1
242644,Inter American University of Puerto Rico-Barranquitas,1
242705,Inter American University of Puerto Rico-Bayamon,1
242680,Inter American University of Puerto Rico-Fajardo,1
242699,Inter American University of Puerto Rico-Guayama,1
242653,Inter American University of Puerto Rico-Metro,1
242662,Inter American University of Puerto Rico-Ponce,1
242617,Inter American University of Puerto Rico-San German,1
242723,Inter American University of Puerto Rico-School of Law,1
404222,Inter American University of Puerto Rico-School of Optometry,1
140146,Interdenominational Theological Center,1
436614,International Baptist College and Seminary,1
448691,International Institute for Restorative Practices,1
443128,International Technological University,1
191931,Iona College,1
153603,Iowa State University,1
153621,Iowa Wesleyan University,1
441238,Irell & Manella Graduate School of Biological Sciences at City of Hope,1
191968,Ithaca College,1
170444,Jackson College,1
175856,Jackson State University,1
101480,Jacksonville State University,1
134945,Jacksonville University,1
232423,James Madison University,1
225885,Jarvis Christian College,1
192040,Jewish Theological Seminary of America,1
107141,John Brown University,1
203368,John Carroll University,1
116712,John F. Kennedy University,1
462354,John Paul the Great Catholic University,1
162928,Johns Hopkins University,1
445708,Johnson & Wales University-Charlotte,1
439288,Johnson & Wales University-Denver,1
414823,Johnson & Wales University-North Miami,1
460349,Johnson & Wales University-Online,1
217235,Johnson & Wales University-Providence,1
198756,Johnson C Smith University,1
220473,Johnson University,1
132879,Johnson University Florida,1
101541,Judson College,1
146339,Judson University,1
461139,Jung Tao School of Classical Chinese Medicine,1
213251,Juniata College,1
170532,Kalamazoo College,1
155308,Kansas Christian College,1
177746,Kansas City Art Institute,1
179812,Kansas City University of Medicine and Biosciences,1
490601,Kansas City University of Medicine and Biosciences-Joplin,1
155399,Kansas State University,1
155414,Kansas Wesleyan University,1
185262,Kean University,1
440031,Keck Graduate Institute,1
183062,Keene State College,1
192165,Kehilath Yakov Rabbinical Seminary,1
135081,Keiser University-Ft Lauderdale,1
486840,Kennesaw State University,1
177816,Kenrick Glennon Seminary,1
203447,Kent State University at Ashtabula,1
203456,Kent State University at East Liverpool,1
203526,Kent State University at Geauga,1
203517,Kent State University at Kent,1
203492,Kent State University at Salem,1
203465,Kent State University at Stark,1
203474,Kent State University at Trumbull,1
203483,Kent State University at Tuscarawas,1
157100,Kentucky Christian University,1
157030,Kentucky Mountain Bible College,1
157058,Kentucky State University,1
157076,Kentucky Wesleyan College,1
203535,Kenyon College,1
461847,Keser Torah-Mayan Hatalmud,1
203544,Kettering College,1
169983,Kettering University,1
192192,Keuka College,1
213303,Keystone College,1
220516,King University,1
213321,King's College,1
146427,Knox College,1
213349,Kutztown University of Pennsylvania,1
171881,Kuyper College,1
213358,La Roche University,1
213367,La Salle University,1
117627,La Sierra University,1
165264,Laboure College,1
260372,Lac Courte Oreilles Ojibwe College,1
213376,Lackawanna College,1
213385,Lafayette College,1
140234,LaGrange College,1
117168,Laguna College of Art and Design,1
203580,Lake Erie College,1
407629,Lake Erie College of Osteopathic Medicine,1
146481,Lake Forest College,1
146490,Lake Forest Graduate School of Management,1
170639,Lake Superior State University,1
235699,Lake Washington Institute of Technology,1
135188,Lake-Sumter State College,1
238980,Lakeland University,1
146533,Lakeview College of Nursing,1
226091,Lamar University,1
213400,Lancaster Bible College,1
213446,Lancaster Theological Seminary,1
218229,Lander University,1
247649,Landmark College,1
220598,Lane College,1
207209,Langston University,1
240620,Laramie County Community College,1
226134,Laredo College,1
166391,Lasell University,1
117283,Latin American Bible Institute,1
170675,Lawrence Technological University,1
239017,Lawrence University,1
192323,Le Moyne College,1
220604,Le Moyne-Owen College,1
213507,Lebanon Valley College,1
220613,Lee University,1
198808,Lees-McRae College,1
213543,Lehigh University,1
198835,Lenoir-Rhyne University,1
166452,Lesley University,1
226231,LeTourneau University,1
209056,Lewis & Clark College,1
146612,Lewis University,1
142328,Lewis-Clark State College,1
157207,Lexington Theological Seminary,1
232557,Liberty University,1
117520,Life Chiropractic College West,1
117104,Life Pacific University,1
140252,Life University,1
218238,Limestone University,1
146667,Lincoln Christian University,1
146676,Lincoln College,1
220631,Lincoln Memorial University,1
177940,Lincoln University,1
213598,Lincoln University,1
117557,Lincoln University,1
177968,Lindenwood University,1
157216,Lindsey Wilson College,1
209065,Linfield University-McMinnville Campus,1
437325,Linfield University-Online and Continuing Education,1
437316,Linfield University-School of Nursing,1
219976,Lipscomb University,1
198862,Livingstone College,1
213613,Lock Haven University,1
177986,Logan University,1
117636,Loma Linda University,1
227182,Lone Star College System,1
192448,Long Island University,1
232566,Longwood University,1
166489,Longy School of Music of Bard College,1
203748,Lorain County Community College,1
153825,Loras College,1
474863,Los Angeles Pacific University,1
159568,Louisiana College,1
159391,Louisiana State University and Agricultural & Mechanical College,1
159373,Louisiana State University Health Sciences Center-New Orleans,1
435000,Louisiana State University Health Sciences Center-Shreveport,1
159382,Louisiana State University-Alexandria,1
159416,Louisiana State University-Shreveport,1
159647,Louisiana Tech University,1
157298,Louisville Presbyterian Theological Seminary,1
203757,Lourdes University,1
235750,Lower Columbia College,1
117946,Loyola Marymount University,1
146719,Loyola University Chicago,1
163046,Loyola University Maryland,1
159656,Loyola University New Orleans,1
226383,Lubbock Christian University,1
153834,Luther College,1
135364,Luther Rice College & Seminary,1
173896,Luther Seminary,1
146728,Lutheran School of Theology at Chicago,1
213668,Lycoming College,1
132657,Lynn University,1
106342,Lyon College,1
173902,Macalester College,1
192624,Machzikei Hadath Rabbinical College,1
146825,MacMurray College,1
238263,Madison Area Technical College,1
170806,Madonna University,1
182917,Magdalen College,1
153861,Maharishi International University,1
161509,Maine College of Art,1
161022,Maine College of Health Professions,1
161299,Maine Maritime Academy,1
490753,Maine Media College,1
203775,Malone University,1
151777,Manchester University,1
155496,Manhattan Christian College,1
192703,Manhattan College,1
192712,Manhattan School of Music,1
192749,Manhattanville College,1
213774,Manor College,1
213783,Mansfield University of Pennsylvania,1
446394,Maple Springs Baptist Bible College and Seminary,1
239071,Maranatha Baptist University,1
192785,Maria College of Albany,1
151786,Marian University,1
239080,Marian University,1
203845,Marietta College,1
192819,Marist College,1
230940,Marlboro College,1
440411,Marlboro College Graduate & Professional Studies,1
239105,Marquette University,1
198899,Mars Hill University,1
123943,Marshall B Ketchum University,1
237525,Marshall University,1
173452,Martin Luther College,1
220701,Martin Methodist College,1
151810,Martin University,1
232672,Mary Baldwin University,1
163295,Maryland Institute College of Art,1
164085,Maryland University of Integrative Health,1
118541,Marymount California University,1
192864,Marymount Manhattan College,1
232706,Marymount University,1
220710,Maryville College,1
178059,Maryville University of Saint Louis,1
213826,Marywood University,1
166674,Massachusetts College of Art and Design,1
167288,Massachusetts College of Liberal Arts,1
166683,Massachusetts Institute of Technology,1
166692,Massachusetts Maritime Academy,1
369002,Massachusetts School of Law,1
173957,Mayo Clinic College of Medicine and Science,1
200226,Mayville State University,1
146977,McCormick Theological Seminary,1
164270,McDaniel College,1
147013,McKendree University,1
226587,McMurry University,1
159717,McNeese State University,1
155511,McPherson College,1
166656,MCPHS University,1
147031,Meadville Lombard Theological School,1
490328,Mechon L'hoyroa,1
192925,Medaille College,1
239169,Medical College of Wisconsin,1
218335,Medical University of South Carolina,1
220792,Meharry Medical College,1
220808,Memphis College of Art,1
220871,Memphis Theological Seminary,1
118693,Menlo College,1
140447,Mercer University,1
193016,Mercy College,1
153977,Mercy College of Health Sciences,1
203960,Mercy College of Ohio,1
213987,Mercyhurst University,1
198950,Meredith College,1
166850,Merrimack College,1
193061,Mesivta of Eastern Parkway-Yeshiva Zichron Meilech,1
193052,Mesivta Torah Vodaath Rabbinical Seminary,1
193070,Mesivtha Tifereth Jerusalem of America,1
417752,Messenger College,1
213996,Messiah University,1
147129,Methodist College,1
203997,Methodist Theological School in Ohio,1
198969,Methodist University,1
190114,Metropolitan College of New York,1
174020,Metropolitan State University,1
127565,Metropolitan State University of Denver,1
166869,MGH Institute of Health Professions,1
135717,Miami Dade College,1
204006,Miami University-Hamilton,1
204015,Miami University-Middletown,1
204024,Miami University-Oxford,1
169220,Michigan School of Psychology,1
171100,Michigan State University,1
169628,Michigan State University-College of Law,1
171128,Michigan Technological University,1
245953,Mid-America Christian University,1
151962,Mid-America College of Funeral Service,1
199458,Mid-Atlantic Christian University,1
481225,Mid-South Christian College,1
155520,MidAmerica Nazarene University,1
482158,Middle Georgia State University,1
220996,Middle Tennessee School of Anesthesia Inc,1
220978,Middle Tennessee State University,1
230959,Middlebury College,1
119058,Middlebury Institute of International Studies at Monterey,1
226806,Midland College,1
181330,Midland University,1
157377,Midway University,1
178208,Midwestern Baptist Theological Seminary,1
226833,Midwestern State University,1
143853,Midwestern University-Downers Grove,1
423643,Midwestern University-Glendale,1
480985,Midwives College of Utah,1
101675,Miles College,1
214041,Millersville University of Pennsylvania,1
486901,Milligan University,1
147244,Millikin University,1
118888,Mills College,1
175980,Millsaps College,1
239309,Milwaukee Institute of Art & Design,1
239318,Milwaukee School of Engineering,1
174127,Minneapolis College of Art and Design,1
174358,Minnesota State University Moorhead,1
173920,Minnesota State University-Mankato,1
200253,Minot State University,1
118912,MiraCosta College,1
193247,Mirrer Yeshiva Cent Institute,1
214069,Misericordia University,1
211130,Missio Theological Seminary,1
176053,Mississippi College,1
176080,Mississippi State University,1
176035,Mississippi University for Women,1
176044,Mississippi Valley State University,1
178244,Missouri Baptist University,1
178341,Missouri Southern State University,1
179566,Missouri State University-Springfield,1
178411,Missouri University of Science and Technology,1
178369,Missouri Valley College,1
178387,Missouri Western State University,1
129774,Mitchell College,1
175281,Mitchell Hamline School of Law,1
118976,Modesto Junior College,1
193292,Molloy College,1
147341,Monmouth College,1
185572,Monmouth University,1
262165,Montana Bible College,1
180461,Montana State University,1
180179,Montana State University Billings,1
180522,Montana State University-Northern,1
180416,Montana Technological University,1
185590,Montclair State University,1
127954,Montessori Education Center of the Rockies,1
199032,Montreat College,1
166911,Montserrat College of Art,1
147369,Moody Bible Institute,1
214148,Moore College of Art and Design,1
214157,Moravian College,1
157386,Morehead State University,1
140553,Morehouse College,1
140562,Morehouse School of Medicine,1
127617,Morgan Community College,1
163453,Morgan State University,1
154004,Morningside College,1
218399,Morris College,1
214166,Mount Aloysius College,1
209241,Mount Angel Seminary,1
204176,Mount Carmel College of Nursing,1
166939,Mount Holyoke College,1
219198,Mount Marty University,1
239390,Mount Mary University,1
154013,Mount Mercy University,1
204200,Mount Saint Joseph University,1
193353,Mount Saint Mary College,1
119173,Mount Saint Mary's University,1
163462,Mount St. Mary's University,1
204194,Mount Vernon Nazarene University,1
214175,Muhlenberg College,1
209287,Multnomah University,1
157401,Murray State University,1
204264,Muskingum University,1
127653,Naropa University,1
239424,Nashotah House,1
147536,National Louis University,1
119605,National University,1
147590,National University of Health Sciences,1
209296,National University of Natural Medicine,1
187596,Navajo Technical University,1
119678,Naval Postgraduate School,1
127714,Nazarene Bible College,1
178518,Nazarene Theological Seminary,1
193584,Nazareth College,1
181376,Nebraska Christian College of Hope International University,1
181297,Nebraska Methodist College of Nursing & Allied Health,1
181446,Nebraska Wesleyan University,1
163532,Ner Israel Rabbinical College,1
214272,Neumann University,1
441900,Nevada State College,1
185758,New Brunswick Theological Seminary,1
262129,New College of Florida,1
182980,New England College,1
167093,New England College of Optometry,1
217305,New England Institute of Technology,1
167215,New England Law-Boston,1
208725,New Hope Christian College-Eugene,1
185129,New Jersey City University,1
185828,New Jersey Institute of Technology,1
187897,New Mexico Highlands University,1
187967,New Mexico Institute of Mining and Technology,1
188030,New Mexico State University-Main Campus,1
159948,New Orleans Baptist Theological Seminary,1
440396,New Saint Andrews College,1
366368,New York Academy of Art,1
193751,New York Chiropractic College,1
418126,New York College of Health Professions,1
194073,New York College of Podiatric Medicine,1
439783,New York College of Traditional Chinese Medicine,1
194091,New York Institute of Technology,1
193821,New York Law School,1
193830,New York Medical College,1
194116,New York School of Interior Design,1
193894,New York Theological Seminary,1
193900,New York University,1
218414,Newberry College,1
155335,Newman University,1
193973,Niagara University,1
159966,Nicholls State University,1
167260,Nichols College,1
232937,Norfolk State University,1
461795,North American University,1
199102,North Carolina A & T State University,1
199157,North Carolina Central University,1
199193,North Carolina State University at Raleigh,1
199209,North Carolina Wesleyan College,1
147660,North Central College,1
204422,North Central State College,1
174437,North Central University,1
200332,North Dakota State University-Main Campus,1
136145,North Florida College,1
218441,North Greenville University,1
147679,North Park University,1
236072,North Seattle College,1
444130,Northcentral University,1
204477,Northeast Ohio Medical University,1
147776,Northeastern Illinois University,1
439817,Northeastern Seminary,1
207263,Northeastern State University,1
167358,Northeastern University,1
482705,Northeastern University Lifelong Learning Network,1
105330,Northern Arizona University,1
147697,Northern Baptist Theological Seminary,1
147703,Northern Illinois University,1
157447,Northern Kentucky University,1
240790,Northern Marianas College,1
171456,Northern Michigan University,1
188058,Northern New Mexico College,1
219259,Northern State University,1
230913,Northern Vermont University,1
239512,Northland College,1
217606,Northpoint Bible College,1
443030,NorthShore University HealthSystem School of Nurse Anesthesia,1
136233,Northwest Florida State College,1
380377,Northwest Indian College,1
178624,Northwest Missouri State University,1
142461,Northwest Nazarene University,1
236133,Northwest University,1
487603,Northwest University-College of Adult and Professional Studies,1
154101,Northwestern College,1
174507,Northwestern Health Sciences University,1
171483,Northwestern Michigan College,1
207306,Northwestern Oklahoma State University,1
120166,Northwestern Polytechnic University,1
160038,Northwestern State University of Louisiana,1
147767,Northwestern University,1
171492,Northwood University,1
230995,Norwich University,1
204468,Notre Dame College,1
120184,Notre Dame de Namur University,1
163578,Notre Dame of Maryland University,1
136215,Nova Southeastern University,1
200086,Nueta Hidatsa Sahnish College,1
194161,Nyack College,1
174525,Oak Hills Christian College,1
495059,Oak Valley College,1
152099,Oakland City University,1
171571,Oakland University,1
101912,Oakwood University,1
204501,Oberlin College,1
227289,Oblate School of Theology,1
120254,Occidental College,1
227304,Odessa College,1
219277,Oglala Lakota College,1
140696,Oglethorpe University,1
201964,Ohio Christian University,1
204617,Ohio Dominican University,1
204635,Ohio Northern University,1
204671,Ohio State University-Lima Campus,1
204796,Ohio State University-Main Campus,1
204680,Ohio State University-Mansfield Campus,1
204699,Ohio State University-Marion Campus,1
204705,Ohio State University-Newark Campus,1
204820,Ohio University-Chillicothe Campus,1
204802,Ohio University-Eastern Campus,1
204848,Ohio University-Lancaster Campus,1
204857,Ohio University-Main Campus,1
204839,Ohio University-Southern Campus,1
204866,Ohio University-Zanesville Campus,1
237640,Ohio Valley University,1
204909,Ohio Wesleyan University,1
194189,Ohr Hameir Theological Seminary,1
207403,Oklahoma Baptist University,1
207324,Oklahoma Christian University,1
207458,Oklahoma City University,1
207351,Oklahoma Panhandle State University,1
207315,Oklahoma State University Center for Health Sciences,1
207564,Oklahoma State University Institute of Technology,1
207388,Oklahoma State University-Main Campus,1
207397,Oklahoma State University-Oklahoma City,1
206835,Oklahoma Wesleyan University,1
232982,Old Dominion University,1
171599,Olivet College,1
147828,Olivet Nazarene University,1
236188,Olympic College,1
461120,Omega Graduate School,1
207582,Oral Roberts University,1
369659,Oregon College of Oriental Medicine,1
209490,Oregon Health & Science University,1
209506,Oregon Institute of Technology,1
209542,Oregon State University,1
440828,Oregon State University-Cascades Campus,1
120403,Otis College of Art and Design,1
155636,Ottawa University-Kansas City,1
428259,Ottawa University-Milwaukee,1
454582,Ottawa University-Online,1
155627,Ottawa University-Ottawa,1
105367,Ottawa University-Phoenix,1
464226,Ottawa University-Surprise,1
204936,Otterbein University,1
107512,Ouachita Baptist University,1
227331,Our Lady of the Lake University,1
178679,Ozark Christian College,1
194310,Pace University,1
407610,Pacific Bible College,1
439862,Pacific Islands University,1
236230,Pacific Lutheran University,1
209603,Pacific Northwest College of Art,1
455406,Pacific Northwest University of Health Sciences,1
120768,Pacific Oaks College,1
457484,Pacific Rim Christian University,1
120795,Pacific School of Religion,1
120838,Pacific States University,1
120865,Pacific Union College,1
209612,Pacific University,1
140720,Paine College,1
136330,Palm Beach Atlantic University,1
136358,Palm Beach State College,1
154174,Palmer College of Chiropractic,1
120698,Palo Alto University,1
121628,Pardee RAND Graduate School,1
178721,Park University,1
243823,Parker University,1
136400,Pasco-Hernando State College,1
495916,Pathways College,1
451927,Patrick Henry College,1
227429,Paul Quinn College,1
194392,Paul Smiths College of Arts and Science,1
204990,Payne Theological Seminary,1
214883,Peirce College,1
236258,Peninsula College,1
214971,Pennsylvania Academy of the Fine Arts,1
215053,Pennsylvania College of Art and Design,1
442356,Pennsylvania College of Health Sciences,1
366252,Pennsylvania College of Technology,1
214616,Pennsylvania State University-College of Medicine,1
212018,Pennsylvania State University-Dickinson Law,1
214777,Pennsylvania State University-Main Campus,1
214801,Pennsylvania State University-Penn State Abington,1
214689,Pennsylvania State University-Penn State Altoona,1
214698,Pennsylvania State University-Penn State Beaver,1
214704,Pennsylvania State University-Penn State Berks,1
214731,Pennsylvania State University-Penn State Brandywine,1
214740,Pennsylvania State University-Penn State DuBois,1
214591,Pennsylvania State University-Penn State Erie-Behrend College,1
214759,Pennsylvania State University-Penn State Fayette- Eberly,1
214607,Pennsylvania State University-Penn State Great Valley,1
214786,Pennsylvania State University-Penn State Greater Allegheny,1
214713,Pennsylvania State University-Penn State Harrisburg,1
214768,Pennsylvania State University-Penn State Hazleton,1
214670,Pennsylvania State University-Penn State Lehigh Valley,1
214795,Pennsylvania State University-Penn State Mont Alto,1
214625,Pennsylvania State University-Penn State New Kensington,1
214810,Pennsylvania State University-Penn State Schuylkill,1
214652,Pennsylvania State University-Penn State Scranton,1
214634,Pennsylvania State University-Penn State Shenango,1
214643,Pennsylvania State University-Penn State Wilkes-Barre,1
214829,Pennsylvania State University-Penn State York,1
479956,Pennsylvania State University-World Campus,1
136473,Pensacola State College,1
219842,Pentecostal Theological Seminary,1
121150,Pepperdine University,1
181534,Peru State College,1
199306,Pfeiffer University,1
215123,Philadelphia College of Osteopathic Medicine,1
107600,Philander Smith College,1
189282,Phillips School of Nursing at Mount Sinai Beth Israel,1
414966,Phillips Theological Seminary,1
381459,Phoenix Seminary,1
140818,Piedmont University,1
235237,Pierce College District,1
127820,Pikes Peak Community College,1
440794,Pillar College,1
167455,Pine Manor College,1
155681,Pittsburg State University,1
215415,Pittsburgh Technical College,1
215424,Pittsburgh Theological Seminary,1
121257,Pitzer College,1
183080,Plymouth State University,1
121309,Point Loma Nazarene University,1
215442,Point Park University,1
138868,Point University,1
136516,Polk State College,1
456481,Polytechnic University of Puerto Rico-Miami,1
456490,Polytechnic University of Puerto Rico-Orlando,1
121345,Pomona College,1
241395,Pontifical Catholic University of Puerto Rico-Arecibo,1
243586,Pontifical Catholic University of Puerto Rico-Mayaguez,1
241410,Pontifical Catholic University of Puerto Rico-Ponce,1
205027,Pontifical College Josephinum,1
131405,Pontifical Faculty of the Immaculate Conception at the Dominican House of Studies,1
455813,Pontifical John Paul II Institute for Studies on Marriage and Family,1
167464,Pope St John XXIII National Seminary,1
209807,Portland State University,1
237701,Potomac State College of West Virginia University,1
227526,Prairie View A & M University,1
194578,Pratt Institute-Main,1
218539,Presbyterian College,1
490045,Presbyterian Theological Seminary in America,1
105589,Prescott College,1
219295,Presentation College,1
486433,Presidio Graduate School,1
186122,Princeton Theological Seminary,1
186131,Princeton University,1
148016,Principia College,1
455770,Providence Christian College,1
217402,Providence College,1
127884,Pueblo Community College,1
151102,Purdue University Fort Wayne,1
489779,Purdue University Global,1
490805,Purdue University Northwest,1
243780,Purdue University-Main Campus,1
199412,Queens University of Charlotte,1
148131,Quincy University,1
130226,Quinnipiac University,1
384421,Rabbi Jacob Joseph School,1
194657,Rabbinical Academy Mesivta Rabbi Chaim Berlin,1
194693,Rabbinical College Beth Shraga,1
194666,Rabbinical College Bobover Yeshiva Bnei Zion,1
186186,Rabbinical College of America,1
194736,Rabbinical College of Long Island,1
405854,Rabbinical College of Ohr Shimon Yisroel,1
484871,Rabbinical College Ohr Yisroel,1
205124,Rabbinical College Telshe,1
194718,Rabbinical Seminary Mkor Chaim,1
194763,Rabbinical Seminary of America,1
233277,Radford University,1
231837,Radford University-Carilion,1
186201,Ramapo College of New Jersey,1
207157,Randall University,1
233301,Randolph College,1
233295,Randolph-Macon College,1
178891,Ranken Technical College,1
215619,Reconstructionist Rabbinical College,1
127909,Red Rocks Community College,1
209922,Reed College,1
215628,Reformed Presbyterian Theological Seminary,1
490230,Reformed University,1
231651,Regent University,1
167598,Regis College,1
127918,Regis University,1
140872,Reinhardt University,1
492209,Reiss-Davis Graduate School,1
475033,Relay Graduate School of Education,1
223463,Remington College-Dallas Campus,1
460783,Remington College-Heathrow Campus,1
412599,Remington College-Memphis Campus,1
366535,Remington College-Mobile Campus,1
445203,Remington College-North Houston Campus,1
451866,Remington College-Shreveport Campus,1
129428,Rensselaer at Hartford,1
194824,Rensselaer Polytechnic Institute,1
236382,Renton Technical College,1
149763,Resurrection University,1
217420,Rhode Island College,1
217493,Rhode Island School of Design,1
221351,Rhodes College,1
227757,Rice University,1
441104,Richmont Graduate University,1
186283,Rider University,1
136774,Ringling College of Art and Design,1
121886,Rio Hondo College,1
239628,Ripon College,1
233408,Riverside College of Health Careers,1
183211,Rivier University,1
233426,Roanoke College,1
215655,Robert Morris University,1
148335,Robert Morris University Illinois,1
194958,Roberts Wesleyan College,1
195003,Rochester Institute of Technology,1
170967,Rochester University,1
195049,Rockefeller University,1
148405,Rockford University,1
179043,Rockhurst University,1
180595,Rocky Mountain College,1
217518,Roger Williams University,1
409616,Roger Williams University School of Law,1
207661,Rogers State University,1
136950,Rollins College,1
148487,Roosevelt University,1
145558,Rosalind Franklin University of Medicine and Science,1
152318,Rose-Hulman Institute of Technology,1
445735,Roseman University of Health Sciences,1
215691,Rosemont College,1
184782,Rowan University,1
148511,Rush University,1
195128,Russell Sage College,1
176318,Rust College,1
186371,Rutgers University-Camden,1
186380,Rutgers University-New Brunswick,1
186399,Rutgers University-Newark,1
172033,Sacred Heart Major Seminary,1
239637,Sacred Heart Seminary and School of Theology,1
130253,Sacred Heart University,1
172051,Saginaw Valley State University,1
154235,Saint Ambrose University,1
183239,Saint Anselm College,1
149028,Saint Anthony College of Nursing,1
148876,Saint Augustine College,1
199582,Saint Augustine's University,1
216047,Saint Charles Borromeo Seminary-Overbrook,1
174783,Saint Cloud State University,1
227845,Saint Edward's University,1
186618,Saint Elizabeth University,1
148575,Saint Francis Medical Center College of Nursing,1
215743,Saint Francis University,1
195720,Saint John Fisher College,1
167677,Saint John's Seminary,1
137281,Saint Johns River State College,1
174792,Saint Johns University,1
160409,Saint Joseph Seminary College,1
161518,Saint Joseph's College of Maine,1
215770,Saint Joseph's University,1
137032,Saint Leo University,1
179256,Saint Louis Christian College,1
179159,Saint Louis University,1
179450,Saint Luke's College of Health Sciences,1
236452,Saint Martin's University,1
152390,Saint Mary's College,1
123554,Saint Mary's College of California,1
174817,Saint Mary's University of Minnesota,1
152381,Saint Mary-of-the-Woods College,1
152451,Saint Meinrad School of Theology,1
231059,Saint Michael's College,1
239716,Saint Norbert College,1
179317,Saint Paul School of Theology,1
186432,Saint Peter's University,1
215798,Saint Vincent College,1
136701,Saint Vincent de Paul Regional Seminary,1
215813,Saint Vincent Seminary,1
195580,Saint Vladimirs Orthodox Theological Seminary,1
148627,Saint Xavier University,1
199607,Salem College,1
167729,Salem State University,1
163851,Salisbury University,1
180647,Salish Kootenai College,1
214564,Salus University,1
217536,Salve Regina University,1
227881,Sam Houston State University,1
102049,Samford University,1
122296,Samuel Merritt University,1
112084,San Diego Christian College,1
122375,San Diego Mesa College,1
122409,San Diego State University,1
122454,San Francisco Art Institute,1
122506,San Francisco Conservatory of Music,1
122597,San Francisco State University,1
227979,San Jacinto Community College,1
122649,San Joaquin College of Law,1
122755,San Jose State University,1
430670,San Juan Bautista School of Medicine,1
481535,Sanford Burnham Prebys Medical Discovery Institute,1
121619,Santa Ana College,1
122931,Santa Clara University,1
137096,Santa Fe College,1
122977,Santa Monica College,1
195304,Sarah Lawrence College,1
140951,Savannah College of Art and Design,1
140960,Savannah State University,1
123095,Saybrook University,1
143048,School of the Art Institute of Chicago,1
172200,Schoolcraft College,1
228042,Schreiner University,1
123165,Scripps College,1
236513,Seattle Central College,1
236577,Seattle Pacific University,1
236595,Seattle University,1
102058,Selma University,1
243498,Seminario Evangelico de Puerto Rico,1
137209,Seminole State College of Florida,1
232885,Sentara College of Health Sciences,1
186584,Seton Hall University,1
215947,Seton Hill University,1
195438,Sh'or Yoshuv Rabbinical College,1
123280,Shasta Bible College and Graduate School,1
123299,Shasta College,1
199643,Shaw University,1
205443,Shawnee State University,1
233541,Shenandoah University,1
237792,Shepherd University,1
461485,Shepherds Theological Seminary,1
218751,Sherman College of Chiropractic,1
480499,Shiloh University,1
216010,Shippensburg University of Pennsylvania,1
140988,Shorter University,1
195474,Siena College,1
172264,Siena Heights University,1
182458,Sierra Nevada University,1
461759,Simmons College of Kentucky,1
167783,Simmons University,1
154350,Simpson College,1
123457,Simpson University,1
205470,Sinclair Community College,1
219374,Sinte Gleska University,1
219240,Sioux Falls Seminary,1
231068,SIT Graduate Institute,1
200466,Sitting Bull College,1
236638,Skagit Valley College,1
195526,Skidmore College,1
216038,Slippery Rock University of Pennsylvania,1
167835,Smith College,1
230597,Snow College,1
399911,Soka University of America,1
123563,Solano Community College,1
123572,Sonoma State University,1
123633,South Baylo University,1
218733,South Carolina State University,1
219347,South Dakota School of Mines and Technology,1
219356,South Dakota State University,1
366003,South Florida Bible College and Theological Seminary,1
137315,South Florida State College,1
482699,South Georgia State College,1
236504,South Seattle College,1
409315,South Texas College,1
228194,South Texas College of Law Houston,1
417734,Southeast Missouri Hospital College of Nursing and Health Sciences,1
179557,Southeast Missouri State University,1
176336,Southeastern Baptist College,1
199759,Southeastern Baptist Theological Seminary,1
233602,Southeastern Free Will Baptist Bible College,1
160612,Southeastern Louisiana University,1
207847,Southeastern Oklahoma State University,1
137564,Southeastern University,1
221661,Southern Adventist University,1
107983,Southern Arkansas University Main Campus,1
123952,Southern California Institute of Architecture,1
117575,Southern California Seminary,1
117672,Southern California University of Health Sciences,1
221670,Southern College of Optometry,1
130493,Southern Connecticut State University,1
149222,Southern Illinois University-Carbondale,1
149231,Southern Illinois University-Edwardsville,1
228246,Southern Methodist University,1
206862,Southern Nazarene University,1
183026,Southern New Hampshire University,1
210146,Southern Oregon University,1
160621,Southern University and A & M College,1
160630,Southern University at New Orleans,1
440916,Southern University Law Center,1
230603,Southern Utah University,1
233611,Southern Virginia University,1
217776,Southern Wesleyan University,1
179326,Southwest Baptist University,1
420246,Southwest College of Naturopathic Medicine & Health Sciences,1
175078,Southwest Minnesota State University,1
104188,Southwest University of Visual Arts-Tucson,1
228468,Southwestern Adventist University,1
228325,Southwestern Assemblies of God University,1
494603,Southwestern Baptist Theological Seminary,1
228486,Southwestern Christian College,1
207856,Southwestern Christian University,1
188207,Southwestern College,1
155900,Southwestern College,1
123970,Southwestern Law School,1
207865,Southwestern Oklahoma State University,1
228343,Southwestern University,1
157757,Spalding University,1
218821,Spartanburg Methodist College,1
141060,Spelman College,1
148982,Spertus College,1
236692,Spokane Community College,1
236708,Spokane Falls Community College,1
172334,Spring Arbor University,1
102234,Spring Hill College,1
167899,Springfield College,1
475273,Springfield College-Regional  Online  and Continuing Education,1
195155,St Bernard's School of Theology and Ministry,1
195164,St Bonaventure University,1
175005,St Catherine University,1
195173,St Francis College,1
123855,St John's Seminary,1
195216,St Lawrence University,1
154262,St Luke's College,1
174844,St Olaf College,1
137078,St Petersburg College,1
199698,St. Andrews University,1
137272,St. John Vianney College Seminary,1
163976,St. John's College,1
245652,St. John's College,1
148593,St. John's College-Department of Nursing,1
195809,St. John's University-New York,1
195562,St. Joseph's College-Long Island,1
195544,St. Joseph's College-New York,1
163912,St. Mary's College of Maryland,1
228149,St. Mary's University,1
195243,St. Thomas Aquinas College,1
137476,St. Thomas University,1
243744,Stanford University,1
123916,Starr King School for the Ministry,1
135391,State College of Florida-Manatee-Sarasota,1
196176,State University of New York at New Paltz,1
228431,Stephen F Austin State University,1
179548,Stephens College,1
231095,Sterling College,1
155937,Sterling College,1
137546,Stetson University,1
186867,Stevens Institute of Technology,1
474906,Stevens-Henager College,1
438151,Stevens-Henager College,1
446677,Stevens-Henager College,1
230630,Stevens-Henager College,1
230621,Stevens-Henager College,1
460899,Stevens-Henager College,1
164173,Stevenson University,1
102270,Stillman College,1
186876,Stockton University,1
366340,Stone Child College,1
167996,Stonehill College,1
196097,Stony Brook University,1
168005,Suffolk University,1
228501,Sul Ross State University,1
447953,SUM Bible College and Theological Seminary,1
181543,Summit Christian College,1
196060,SUNY at Albany,1
196158,SUNY at Fredonia,1
196219,SUNY at Purchase College,1
196121,SUNY Brockport,1
196130,SUNY Buffalo State,1
196167,SUNY College at Geneseo,1
196237,SUNY College at Old Westbury,1
196194,SUNY College at Oswego,1
196246,SUNY College at Plattsburgh,1
196200,SUNY College at Potsdam,1
196033,SUNY College of Agriculture and Technology at Cobleskill,1
196103,SUNY College of Environmental Science and Forestry,1
196228,SUNY College of Optometry,1
196006,SUNY College of Technology at Alfred,1
196015,SUNY College of Technology at Canton,1
196024,SUNY College of Technology at Delhi,1
196149,SUNY Cortland,1
196255,SUNY Downstate Health Sciences University,1
196264,SUNY Empire State College,1
196291,SUNY Maritime College,1
196051,SUNY Morrisville,1
196185,SUNY Oneonta,1
196112,SUNY Polytechnic Institute,1
216278,Susquehanna University,1
216287,Swarthmore College,1
233718,Sweet Briar College,1
196413,Syracuse University,1
155973,Tabor College,1
236753,Tacoma Community College,1
102298,Talladega College,1
137759,Tallahassee Community College,1
137777,Talmudic College of Florida,1
186900,Talmudical Academy-New Jersey,1
196440,Talmudical Institute of Upstate New York,1
451404,Talmudical Seminary of Bobov,1
196431,Talmudical Seminary Oholei Torah,1
216311,Talmudical Yeshiva of Philadelphia,1
228529,Tarleton State University,1
152530,Taylor University,1
196468,Teachers College at Columbia University,1
488800,Teachers College of San Joaquin,1
149329,Telshe Yeshiva-Chicago,1
216339,Temple University,1
221838,Tennessee State University,1
221847,Tennessee Technological University,1
221731,Tennessee Wesleyan University,1
226152,Texas A & M International University,1
228723,Texas A & M University-College Station,1
224554,Texas A & M University-Commerce,1
224147,Texas A & M University-Corpus Christi,1
228705,Texas A & M University-Kingsville,1
483036,Texas A&M University-Central Texas,1
459949,Texas A&M University-San Antonio,1
224545,Texas A&M University-Texarkana,1
228866,Texas Chiropractic College Foundation Inc,1
228875,Texas Christian University,1
228884,Texas College,1
228981,Texas Lutheran University,1
229063,Texas Southern University,1
228459,Texas State University,1
229115,Texas Tech University,1
229337,Texas Tech University Health Sciences Center,1
492689,Texas Tech University Health Sciences Center-El Paso,1
229160,Texas Wesleyan University,1
229179,Texas Woman's University,1
132408,The Baptist College of Florida,1
131283,The Catholic University of America,1
455433,The Chicago School of Professional Psychology at Anaheim,1
143978,The Chicago School of Professional Psychology at Chicago,1
455664,The Chicago School of Professional Psychology at Los Angeles,1
491190,The Chicago School of Professional Psychology at San Diego,1
459745,The Chicago School of Professional Psychology at Washington DC,1
487153,The Chicago School of Professional Psychology at Xavier University of Louisiana,1
201821,The Christ College of Nursing and Health Sciences,1
142294,The College of Idaho,1
187134,The College of New Jersey,1
195234,The College of Saint Rose,1
174899,The College of Saint Scholastica,1
133960,The College of the Florida Keys,1
206589,The College of Wooster,1
492087,The Continents University of Arts and Sciences,1
235167,The Evergreen State College,1
191320,The General Theological Seminary,1
146241,The John Marshall Law School,1
192110,The Juilliard School,1
454184,The King's College,1
439701,The King's University,1
117751,The Master's University and Seminary,1
167057,The New England Conservatory of Music,1
193654,The New School,1
495767,The Pennsylvania State University,1
475228,The Santa Barbara and Ventura Colleges of Law at Santa Barbara,1
125037,The Santa Barbara and Ventura Colleges of Law at Ventura,1
104665,The School of Architecture,1
441131,The Seattle School of Theology & Psychology,1
157748,The Southern Baptist Theological Seminary,1
100751,The University of Alabama,1
475237,The University of America,1
202763,The University of Findlay,1
180489,The University of Montana,1
180692,The University of Montana-Western,1
137847,The University of Tampa,1
487010,The University of Tennessee Health Science Center,1
221740,The University of Tennessee-Chattanooga,1
221759,The University of Tennessee-Knoxville,1
221768,The University of Tennessee-Martin,1
228769,The University of Texas at Arlington,1
228778,The University of Texas at Austin,1
228787,The University of Texas at Dallas,1
228796,The University of Texas at El Paso,1
229027,The University of Texas at San Antonio,1
228802,The University of Texas at Tyler,1
229300,The University of Texas Health Science Center at Houston,1
228644,The University of Texas Health Science Center at San Antonio,1
416801,The University of Texas MD Anderson Cancer Center,1
228653,The University of Texas Medical Branch at Galveston,1
229018,The University of Texas Permian Basin,1
227368,The University of Texas Rio Grande Valley,1
215105,The University of the Arts,1
221519,The University of the South,1
233897,The University of Virginia's College at Wise,1
138354,The University of West Florida,1
126012,The Wright Institute,1
216348,Theological Seminary of the Reformed Episcopal Church,1
216357,Thiel College,1
124292,Thomas Aquinas College,1
161563,Thomas College,1
187046,Thomas Edison State University,1
126049,Thomas Jefferson School of Law,1
216366,Thomas Jefferson University,1
183275,Thomas More College of Liberal Arts,1
157809,Thomas More University,1
141167,Thomas University,1
206048,Tiffin University,1
141185,Toccoa Falls College,1
196583,Torah Temimah Talmudical Seminary,1
176406,Tougaloo College,1
196592,Touro College,1
459736,Touro University California,1
459824,Touro University Nevada,1
459727,Touro University Worldwide,1
164076,Towson University,1
445054,Toyota Technological Institute at Chicago,1
157818,Transylvania University,1
221892,Trevecca Nazarene University,1
206154,Tri-State Bible College,1
152567,Trine University,1
414878,Trine University-Regional/Non-Traditional Campuses,1
137953,Trinity Baptist College,1
200484,Trinity Bible College and Graduate School,1
149505,Trinity Christian College,1
130590,Trinity College,1
137962,Trinity College of Florida,1
146755,Trinity College of Nursing & Health Sciences,1
216463,Trinity Episcopal School for Ministry,1
135610,Trinity International University-Florida,1
149514,Trinity International University-Illinois,1
123448,Trinity Law School,1
229267,Trinity University,1
131876,Trinity Washington University,1
196653,Trocaire College,1
102368,Troy University,1
182500,Truckee Meadows Community College,1
141237,Truett McConnell University,1
178615,Truman State University,1
168148,Tufts University,1
160755,Tulane University of Louisiana,1
200527,Turtle Mountain Community College,1
221953,Tusculum University,1
102377,Tuskegee University,1
229355,Tyler Junior College,1
246789,Unification Theological Seminary,1
491525,Union Bible College,1
181738,Union College,1
196866,Union College,1
157863,Union College,1
206279,Union Institute & University,1
233842,Union Presbyterian Seminary,1
196884,Union Theological Seminary in the City of New York,1
221971,Union University,1
213631,United Lutheran Seminary,1
128328,United States Air Force Academy,1
130624,United States Coast Guard Academy,1
197027,United States Merchant Marine Academy,1
197036,United States Military Academy,1
164155,United States Naval Academy,1
102395,United States Sports Academy,1
197018,United Talmudical Seminary,1
206288,United Theological Seminary,1
175139,United Theological Seminary of the Twin Cities,1
200554,United Tribes Technical College,1
161572,Unity College,1
376385,Universal Technology College of Puerto Rico,1
241191,Universidad Adventista de las Antillas,1
243346,Universidad Ana G. Mendez-Carolina Campus,1
241739,Universidad Ana G. Mendez-Cupey Campus,1
243601,Universidad Ana G. Mendez-Gurabo Campus,1
483595,Universidad Ana G. Mendez-Online Campus,1
241225,Universidad Central de Bayamon,1
243568,Universidad Central Del Caribe,1
243443,Universidad del Sagrado Corazon,1
441690,Universidad Pentecostal Mizpa,1
243577,Universidad Politecnica de Puerto Rico,1
241614,Universidad Teologica del Caribe,1
196088,University at Buffalo,1
200800,University of Akron Main Campus,1
100663,University of Alabama at Birmingham,1
100706,University of Alabama in Huntsville,1
102553,University of Alaska Anchorage,1
102614,University of Alaska Fairbanks,1
102632,University of Alaska Southeast,1
104179,University of Arizona,1
487296,University of Arizona-Sierra Vista,1
106397,University of Arkansas,1
106245,University of Arkansas at Little Rock,1
106485,University of Arkansas at Monticello,1
106412,University of Arkansas at Pine Bluff,1
106263,University of Arkansas for Medical Sciences,1
493725,University of Arkansas System eVersity,1
108092,University of Arkansas-Fort Smith,1
161873,University of Baltimore,1
128744,University of Bridgeport,1
110635,University of California-Berkeley,1
110644,University of California-Davis,1
110398,University of California-Hastings College of Law,1
110653,University of California-Irvine,1
110662,University of California-Los Angeles,1
445188,University of California-Merced,1
110671,University of California-Riverside,1
110680,University of California-San Diego,1
110699,University of California-San Francisco,1
110705,University of California-Santa Barbara,1
110714,University of California-Santa Cruz,1
106704,University of Central Arkansas,1
132903,University of Central Florida,1
176965,University of Central Missouri,1
206941,University of Central Oklahoma,1
237312,University of Charleston,1
144050,University of Chicago,1
201955,University of Cincinnati-Blue Ash College,1
201946,University of Cincinnati-Clermont College,1
201885,University of Cincinnati-Main Campus,1
126614,University of Colorado Boulder,1
126580,University of Colorado Colorado Springs,1
126562,University of Colorado Denver/Anschutz Medical Campus,1
129020,University of Connecticut,1
436827,University of Connecticut-Avery Point,1
463056,University of Connecticut-Hartford Campus,1
436836,University of Connecticut-Stamford,1
436818,University of Connecticut-Waterbury Campus,1
224323,University of Dallas,1
202480,University of Dayton,1
130943,University of Delaware,1
127060,University of Denver,1
169716,University of Detroit Mercy,1
153278,University of Dubuque,1
150534,University of Evansville,1
134130,University of Florida,1
484473,University of Florida-Online,1
457402,University of Fort Lauderdale,1
139959,University of Georgia,1
240754,University of Guam,1
129525,University of Hartford,1
141565,University of Hawaii at Hilo,1
141574,University of Hawaii at Manoa,1
141839,University of Hawaii Maui College,1
141981,University of Hawaii-West Oahu,1
179265,University of Health Sciences and Pharmacy in St. Louis,1
160065,University of Holy Cross,1
225511,University of Houston,1
225414,University of Houston-Clear Lake,1
225432,University of Houston-Downtown,1
225502,University of Houston-Victoria,1
142285,University of Idaho,1
145600,University of Illinois Chicago,1
148654,University of Illinois Springfield,1
145637,University of Illinois Urbana-Champaign,1
151263,University of Indianapolis,1
153658,University of Iowa,1
200156,University of Jamestown,1
155317,University of Kansas,1
157085,University of Kentucky,1
117140,University of La Verne,1
160658,University of Louisiana at Lafayette,1
159993,University of Louisiana at Monroe,1
157289,University of Louisville,1
232609,University of Lynchburg,1
161253,University of Maine,1
161217,University of Maine at Augusta,1
161226,University of Maine at Farmington,1
161235,University of Maine at Fort Kent,1
161244,University of Maine at Machias,1
161341,University of Maine at Presque Isle,1
200217,University of Mary,1
226471,University of Mary Hardin-Baylor,1
232681,University of Mary Washington,1
163338,University of Maryland Eastern Shore,1
163204,University of Maryland Global Campus,1
163259,University of Maryland  Baltimore,1
163268,University of Maryland-Baltimore County,1
163286,University of Maryland-College Park,1
166708,University of Massachusetts Medical School Worcester,1
166629,University of Massachusetts-Amherst,1
166638,University of Massachusetts-Boston,1
167987,University of Massachusetts-Dartmouth,1
166513,University of Massachusetts-Lowell,1
220862,University of Memphis,1
135726,University of Miami,1
170976,University of Michigan-Ann Arbor,1
171137,University of Michigan-Dearborn,1
171146,University of Michigan-Flint,1
174075,University of Minnesota-Crookston,1
174233,University of Minnesota-Duluth,1
174251,University of Minnesota-Morris,1
456959,University of Minnesota-Rochester,1
174066,University of Minnesota-Twin Cities,1
176017,University of Mississippi,1
178396,University of Missouri-Columbia,1
178402,University of Missouri-Kansas City,1
178420,University of Missouri-St Louis,1
101693,University of Mobile,1
101709,University of Montevallo,1
199069,University of Mount Olive,1
204185,University of Mount Union,1
181215,University of Nebraska at Kearney,1
181394,University of Nebraska at Omaha,1
181428,University of Nebraska Medical Center,1
181464,University of Nebraska-Lincoln,1
182281,University of Nevada-Las Vegas,1
182290,University of Nevada-Reno,1
161457,University of New England,1
183071,University of New Hampshire at Manchester,1
182829,University of New Hampshire-Franklin Pierce School of Law,1
183044,University of New Hampshire-Main Campus,1
129941,University of New Haven,1
187985,University of New Mexico-Main Campus,1
159939,University of New Orleans,1
101879,University of North Alabama,1
199111,University of North Carolina at Asheville,1
199120,University of North Carolina at Chapel Hill,1
199139,University of North Carolina at Charlotte,1
199148,University of North Carolina at Greensboro,1
199281,University of North Carolina at Pembroke,1
199184,University of North Carolina School of the Arts,1
199218,University of North Carolina Wilmington,1
200280,University of North Dakota,1
136172,University of North Florida,1
482680,University of North Georgia,1
227216,University of North Texas,1
484905,University of North Texas at Dallas,1
228909,University of North Texas Health Science Center,1
127741,University of Northern Colorado,1
154095,University of Northern Iowa,1
204486,University of Northwestern Ohio,1
174491,University of Northwestern-St Paul,1
152080,University of Notre Dame,1
207342,University of Oklahoma-Health Sciences Center,1
207500,University of Oklahoma-Norman Campus,1
209551,University of Oregon,1
215062,University of Pennsylvania,1
157535,University of Pikeville,1
215266,University of Pittsburgh-Bradford,1
215275,University of Pittsburgh-Greensburg,1
215284,University of Pittsburgh-Johnstown,1
215293,University of Pittsburgh-Pittsburgh Campus,1
209825,University of Portland,1
180258,University of Providence,1
243106,University of Puerto Rico-Aguadilla,1
243115,University of Puerto Rico-Arecibo,1
243133,University of Puerto Rico-Bayamon,1
243142,University of Puerto Rico-Carolina,1
243151,University of Puerto Rico-Cayey,1
243179,University of Puerto Rico-Humacao,1
243197,University of Puerto Rico-Mayaguez,1
243203,University of Puerto Rico-Medical Sciences,1
243212,University of Puerto Rico-Ponce,1
243221,University of Puerto Rico-Rio Piedras,1
243188,University of Puerto Rico-Utuado,1
236328,University of Puget Sound,1
121691,University of Redlands,1
122603,University of Redlands Graduate School of Theology,1
217484,University of Rhode Island,1
233374,University of Richmond,1
205203,University of Rio Grande,1
195030,University of Rochester,1
152336,University of Saint Francis-Fort Wayne,1
130314,University of Saint Joseph,1
488785,University of Saint Katherine,1
155812,University of Saint Mary,1
148885,University of Saint Mary of the Lake,1
122436,University of San Diego,1
122612,University of San Francisco,1
207722,University of Science and Arts of Oklahoma,1
215929,University of Scranton,1
219383,University of Sioux Falls,1
102094,University of South Alabama,1
218645,University of South Carolina Aiken,1
218654,University of South Carolina Beaufort,1
218663,University of South Carolina-Columbia,1
218742,University of South Carolina-Upstate,1
219471,University of South Dakota,1
137351,University of South Florida,1
451671,University of South Florida-Sarasota-Manatee,1
448840,University of South Florida-St Petersburg,1
123961,University of Southern California,1
151306,University of Southern Indiana,1
161554,University of Southern Maine,1
176372,University of Southern Mississippi,1
148584,University of St Francis,1
227863,University of St Thomas,1
174914,University of St Thomas,1
485537,University of Texas Health Science Center at Tyler,1
228635,University of Texas Southwestern Medical Center,1
156541,University of the Cumberlands,1
131399,University of the District of Columbia,1
363721,University of the District of Columbia-David A Clarke School of Law,1
225627,University of the Incarnate Word,1
107558,University of the Ozarks,1
120883,University of the Pacific,1
488846,University of the People,1
215132,University of the Sciences,1
188182,University of the Southwest,1
243665,University of the Virgin Islands,1
449870,University of the West,1
206084,University of Toledo,1
207971,University of Tulsa,1
230764,University of Utah,1
216542,University of Valley Forge,1
231174,University of Vermont,1
234076,University of Virginia-Main Campus,1
377555,University of Washington-Bothell Campus,1
236948,University of Washington-Seattle Campus,1
377564,University of Washington-Tacoma Campus,1
101587,University of West Alabama,1
141334,University of West Georgia,1
210438,University of Western States,1
240268,University of Wisconsin-Eau Claire,1
240277,University of Wisconsin-Green Bay,1
240329,University of Wisconsin-La Crosse,1
240444,University of Wisconsin-Madison,1
240453,University of Wisconsin-Milwaukee,1
491288,University of Wisconsin-Milwaukee Flex,1
240365,University of Wisconsin-Oshkosh,1
240374,University of Wisconsin-Parkside,1
491297,University of Wisconsin-Parkside Flex,1
240462,University of Wisconsin-Platteville,1
240471,University of Wisconsin-River Falls,1
240480,University of Wisconsin-Stevens Point,1
240417,University of Wisconsin-Stout,1
240426,University of Wisconsin-Superior,1
240189,University of Wisconsin-Whitewater,1
240727,University of Wyoming,1
154493,Upper Iowa University,1
440004,Upper Valley Educators Institute,1
196307,Upstate Medical University,1
494685,Urshan College,1
455099,Urshan Graduate School of Theology,1
216524,Ursinus College,1
206349,Ursuline College,1
446604,Uta Mesivta of Kiryas Joel,1
230728,Utah State University,1
230737,Utah Valley University,1
197045,Utica College,1
141264,Valdosta State University,1
138187,Valencia College,1
200572,Valley City State University,1
152600,Valparaiso University,1
221999,Vanderbilt University,1
149639,VanderCook College of Music,1
123651,Vanguard University of Southern California,1
197133,Vassar College,1
188340,Vaughn College of Aeronautics and Technology,1
482228,Veritas Baptist College,1
455992,Vermont College of Fine Arts,1
231147,Vermont Law School,1
231165,Vermont Technical College,1
197142,Villa Maria College,1
216597,Villanova University,1
152637,Vincennes University,1
449834,Virginia Beach Theological Seminary,1
234030,Virginia Commonwealth University,1
234085,Virginia Military Institute,1
233921,Virginia Polytechnic Institute and State University,1
234155,Virginia State University,1
234164,Virginia Union University,1
490106,Virginia University of Integrative Medicine,1
234137,Virginia University of Lynchburg,1
234173,Virginia Wesleyan University,1
449764,Visible Music College,1
240107,Viterbo University,1
218919,Voorhees College,1
446613,W L Bonner College,1
152673,Wabash College,1
197197,Wagner College,1
199847,Wake Forest University,1
236887,Walla Walla Community College,1
236896,Walla Walla University,1
172608,Walsh College,1
206437,Walsh University,1
210304,Warner Pacific University,1
480198,Warner Pacific University Professional and Graduate Studies,1
138275,Warner University,1
199865,Warren Wilson College,1
154527,Wartburg College,1
154536,Wartburg Theological Seminary,1
156082,Washburn University,1
216667,Washington & Jefferson College,1
162210,Washington Adventist University,1
234207,Washington and Lee University,1
164216,Washington College,1
236939,Washington State University,1
179867,Washington University in St Louis,1
392840,Watkins College of Art Design & Film,1
229780,Wayland Baptist University,1
181783,Wayne State College,1
172644,Wayne State University,1
216694,Waynesburg University,1
229799,Weatherford College,1
197221,Webb Institute,1
138293,Webber International University,1
230782,Weber State University,1
179894,Webster University,1
190424,Weill Medical College of Cornell University,1
220206,Welch College,1
168218,Wellesley College,1
197230,Wells College,1
236975,Wenatchee Valley College,1
168227,Wentworth Institute of Technology,1
176451,Wesley Biblical Seminary,1
131098,Wesley College,1
131973,Wesley Theological Seminary,1
141325,Wesleyan College,1
130697,Wesleyan University,1
216764,West Chester University of Pennsylvania,1
237932,West Liberty University,1
125471,West Los Angeles College,1
229814,West Texas A & M University,1
237880,West Virginia School of Osteopathic Medicine,1
237899,West Virginia State University,1
238032,West Virginia University,1
237686,West Virginia University at Parkersburg,1
237905,West Virginia University Hospital Departments of Rad Tech and Nutrition,1
237950,West Virginia University Institute of Technology,1
237969,West Virginia Wesleyan College,1
200004,Western Carolina University,1
128391,Western Colorado University,1
130776,Western Connecticut State University,1
433387,Western Governors University,1
149772,Western Illinois University,1
157951,Western Kentucky University,1
172699,Western Michigan University,1
490373,Western Michigan University Homer Stryker M.D. School of Medicine,1
172477,Western Michigan University-Thomas M. Cooley Law School,1
182564,Western Nevada College,1
168254,Western New England University,1
188304,Western New Mexico University,1
210429,Western Oregon University,1
210368,Western Seminary,1
172705,Western Theological Seminary,1
112525,Western University of Health Sciences,1
237011,Western Washington University,1
168263,Westfield State University,1
179946,Westminster College,1
230807,Westminster College,1
216807,Westminster College,1
216816,Westminster Theological Seminary,1
125718,Westminster Theological Seminary in California,1
125727,Westmont College,1
237039,Whatcom Community College,1
168281,Wheaton College,1
149781,Wheaton College,1
238078,Wheeling University,1
237057,Whitman College,1
125763,Whittier College,1
237066,Whitworth University,1
475200,Whitworth University-Adult Degree Programs,1
156125,Wichita State University,1
216852,Widener University,1
206491,Wilberforce University,1
229887,Wiley College,1
216931,Wilkes University,1
210401,Willamette University,1
231624,William & Mary,1
176479,William Carey University,1
166717,William James College,1
122728,William Jessup University,1
179955,William Jewell College,1
187444,William Paterson University of New Jersey,1
199272,William Peace University,1
154590,William Penn University,1
179964,William Woods University,1
107877,Williams Baptist University,1
168342,Williams College,1
443340,Williamson Christian College,1
206507,Wilmington College,1
131113,Wilmington University,1
217013,Wilson College,1
206516,Winebrenner Theological Seminary,1
199962,Wingate University,1
175272,Winona State University,1
199999,Winston-Salem State University,1
218964,Winthrop University,1
240338,Wisconsin Lutheran College,1
240213,Wisconsin School of Professional Psychology,1
206525,Wittenberg University,1
218973,Wofford College,1
491631,Women's Institute of Torah Seminary and College,1
442064,Won Institute of Graduate Studies,1
488907,Wongu University of Oriental Medicine,1
125897,Woodbury University,1
168421,Worcester Polytechnic Institute,1
168430,Worcester State University,1
401223,World Mission University,1
486460,Wright Graduate University for the Realization of Human Potential,1
206613,Wright State University-Lake Campus,1
206604,Wright State University-Main Campus,1
206622,Xavier University,1
160904,Xavier University of Louisiana,1
237109,Yakima Valley College,1
130794,Yale University,1
180717,Yellowstone Christian College,1
490319,Yeshiva Bais Aharon,1
491622,Yeshiva Chemdas Hatorah,1
434937,Yeshiva College of the Nations Capital,1
420325,Yeshiva D'monsey Rabbinical College,1
197647,Yeshiva Derech Chaim,1
493716,Yeshiva Gedola Tiferes Yaakov Yitzchok,1
491914,Yeshiva Gedola Tiferes Yerachmiel,1
375230,Yeshiva Gedolah Imrei Yosef D'spinka,1
491640,Yeshiva Gedolah Keren Hatorah,1
481410,Yeshiva Gedolah Kesser Torah,1
491710,Yeshiva Gedolah of Cliffwood,1
247773,Yeshiva Gedolah of Greater Detroit,1
493707,Yeshiva Gedolah of Woodlake Village,1
488350,Yeshiva Gedolah Shaarei Shmuel,1
491613,Yeshiva Gedolah Tiferes Boruch,1
476692,Yeshiva Gedolah Zichron Leyma,1
197601,Yeshiva Karlin Stolin,1
491057,Yeshiva Kollel Tifereth Elizer,1
190752,Yeshiva of Far Rockaway Derech Ayson Rabbinical Seminary,1
455257,Yeshiva of Machzikai Hadas,1
197674,Yeshiva of Nitra Rabbinical College,1
493594,Yeshiva of Ocean,1
431983,Yeshiva of the Telshe Alumni,1
126076,Yeshiva Ohr Elchonon Chabad West Coast Talmudical Seminary,1
490504,Yeshiva Ohr Naftoli,1
486017,Yeshiva Ohr Yisrael,1
490276,Yeshiva Shaar Ephraim,1
197692,Yeshiva Shaar Hatorah,1
441609,Yeshiva Shaarei Torah of Rockland,1
486026,Yeshiva Sholom Shachna,1
451398,Yeshiva Toras Chaim,1
197708,Yeshiva University,1
494737,Yeshiva Yesoda Hatorah Vetz Chaim,1
481438,Yeshiva Yesodei Hatorah,1
487746,Yeshiva Zichron Aryeh,1
363712,Yeshivah Gedolah Rabbinical College,1
451370,Yeshivas Be'er Yitzchok,1
491765,Yeshivas Emek Hatorah,1
488101,Yeshivas Maharit D'Satmar,1
405058,Yeshivas Novominsk,1
493664,Yeshivat Hechal Shemuel,1
217040,Yeshivath Beth Moshe,1
197735,Yeshivath Viznitz,1
197744,Yeshivath Zichron Moshe,1
401250,Yo San University of Traditional Chinese Medicine,1
181853,York College,1
217059,York College of Pennsylvania,1
141361,Young Harris College,1
206695,Youngstown State University,1
204255,Zane State College,1
458575,Zaytuna College,1
